FKZ;Referat;Behörde/PT;Arbeits-einheit;Förderart;Thema;Laufzeit von;Laufzeit bis; Bundesmittel 2012 ; IST-Ausgaben 2012 ;Zielland;
2508AHG000;MII7;BVA;IIA5;Direkte Projektförderung;"Förderung der deutschen Minderheit in der Russischen Föderation; hier Nordwest-Russland; in den Arbeitsfeldern Begegnungsstätten; Jugend; deutsche Sprache; Selbstorganisation; Eliten; soziale Hilfen; Partnerschaften";01.01.2008;31.12.2012;4576897 ;4576897 ;Russland;
2508AHG306;MII7;BVA;IIA5;Direkte Projektförderung;"Förderung der deutschen Minderheit in der Russischen Föderation; hier Südwest-Russland; in den Arbeitsfeldern Begegnungsstätten; Jugend; deutsche Sprache; Selbstorganisation; Eliten; soziale Hilfen; Partnerschaften";01.01.2008;31.12.2012;397462 ;397462 ;Russland;
2508AHG600;MII7;BVA;IIA5;Direkte Projektförderung;"Förderung der deutschen Minderheit in der Russischen Föderation; hier Sibirien; in den Arbeitsfeldern Begegnungsstätten; Jugend; deutsche Sprache; Selbstorganisation; Eliten; soziale Hilfen; Partnerschaften";01.01.2008;31.12.2012;2160641 ;2160641 ;Russland;
2508AHK501;MII7;BVA;IIA5;Direkte Projektförderung;"Förderung der deutschen Minderheit in Zentralasien in den Arbeitsfeldern Begegnungsstätten; Jugend; deutsche Sprache; Selbstorganisation; Eliten; soziale Hilfen; Partnerschaften";01.01.2008;31.12.2012;1878000 ;1878000 ;Kasachstan;
2508AHU005;MII7;BVA;IIA5;Direkte Projektförderung;"Förderung der deutschen Minderheit in der Ukraine in den Arbeitsfeldern Begegnungsstätten; Jugend; deutsche Sprache; Selbstorganisation; Eliten; soziale Hilfen; Partnerschaften";01.01.2008;31.12.2012;843000 ;843000 ;Ukraine;
2510AHG001;MII7;BVA;IIA5;Direkte Projektförderung;Treuhänd. Verw. Anteile Stiftung Königsberg;01.10.2010;31.12.2013;29238 ;29238 ;Russland;
2511AHG002;MII7;BVA;IIA5;Direkte Projektförderung;Reparaturen und Instandhaltung Deutsch-Russisches Haus Moskau;01.01.2011;31.12.2012;26837 ;26837 ;Russland;
2511AHH603;MII7;BVA;IIA5;Direkte Projektförderung;Hilfen des BMI für die deutschen Minderheiten in den baltischen Staaten verschiedene Projekte der einzelnen Vereine der DMI;01.01.2011;31.12.2012;31438 ;3349 ;Litauen, Lettland, Estland;
2511AHP015;MII6;BVA;IIA5;Direkte Projektförderung;"Young Potentials Academy (YOU.PA)""; III. Staffel; OBS";01.08.2011;30.04.2014;284656 ;87449 ;MOE-Staaten;
2512AHG004;MII7;BVA;IIA5;Direkte Projektförderung;"Förderung der deutschen Minderheit in der Russischen Föderation; hier Europ. Russland; in den Arbeitsfeldern Begegnungsstätten; Jugend; deutsche Sprache; Selbstorganisation; Eliten; soziale Hilfen; Partnerschaften";01.07.2012;31.12.2014;1269657 ;1269657 ;Russland;
2512AHG005;MII7;BVA;IIA5;Direkte Projektförderung;Fahrzeuganschaffung Deutsch-Russisches Haus Kaliningrad;01.10.2012;31.12.2012;33864 ;33864 ;Russland;
2512AHG601;MII7;BVA;IIA5;Direkte Projektförderung;"Förderung der deutschen Minderheit in der Russischen Föderation; hier Sibirien; in den Arbeitsfeldern Begegnungsstätten; Jugend; deutsche Sprache; Selbstorganisation; Eliten; soziale Hilfen; Partnerschaften";01.07.2012;31.12.2014;518470 ;518470 ;Russland;
2512AHH001;MII6;BVA;IIA5;Direkte Projektförderung;Fortbildung für Minderheitenselbstverwaltungen und Herausgabe einer Infobroschüre;09.02.2012;31.12.2012;8389 ;8389 ;Ungarn;
2512AHH002;MII6;BVA;IIA5;Direkte Projektförderung;Kommunikationstraining für Abgeordnete der Minderheitenselbstverwaltungen;13.04.2012;31.12.2012;20415 ;20415 ;Ungarn;
2512AHH003;MII6;BVA;IIA5;Direkte Projektförderung;Programme des Landesrates;01.04.2012;31.12.2012;21940 ;21940 ;Ungarn;
2512AHH004;MII6;BVA;IIA5;Direkte Projektförderung;Notrufsystem für das Kleinregionale Soziale Dienstleistungszentrum in Siklós;24.05.2012;31.12.2012;11504 ;11504 ;Ungarn;
2512AHH005;MII6;BVA;IIA5;Direkte Projektförderung;"4 Fahrzeuge ""EaR"" (Essen auf Rädern)";25.05.2012;31.12.2012;68566 ;68566 ;Ungarn;
2512AHH006;MII6;BVA;IIA5;Direkte Projektförderung;PC-Ausstattung von 3 Alteneinrichtungen;25.05.2012;31.12.2012;5583 ;5583 ;Ungarn;
2512AHH007;MII6;BVA;IIA5;Direkte Projektförderung;GJU - Programme 2012;07.05.2012;31.12.2012;11451 ;11451 ;Ungarn;
2512AHH008;MII6;BVA;IIA5;Direkte Projektförderung;Förderung von Jugendlagern;01.06.2012;31.12.2012;65820 ;65820 ;Ungarn;
2512AHH009;MII6;BVA;IIA5;Direkte Projektförderung;Programme VUK;01.07.2012;31.12.2012;11545 ;11545 ;Ungarn;
2512AHH010;MII6;BVA;IIA5;Direkte Projektförderung;PC-Ausstattung von 8 Begegnungsstätten;06.08.2012;31.12.2012;12394 ;12394 ;Ungarn;
2512AHH011;MII6;BVA;IIA5;Direkte Projektförderung;Ausstattung von 6 Jugendbegegnungsstätten;01.08.2012;31.12.2012;9220 ;9220 ;Ungarn;
2512AHH012;MII6;BVA;IIA5;Direkte Projektförderung;"2 Fahrzeuge ""EaR""";01.08.2012;31.12.2012;39172 ;39172 ;Ungarn;
2512AHH013;MII6;BVA;IIA5;Direkte Projektförderung;Tag der ungarndt. Selbstverwaltung 2013;30.08.2012;31.12.2012;22440 ;22440 ;Ungarn;
2512AHH014;MII6;BVA;IIA5;Direkte Projektförderung;Fortbildung von Minderheitenführungsträgern;10.08.2012;31.12.2012;7174 ;7174 ;Ungarn;
2512AHH015;MII6;BVA;IIA5;Direkte Projektförderung;Präventionspakete 2012;18.09.2012;31.12.2012;10970 ;10970 ;Ungarn;
2512AHH016;MII6;BVA;IIA5;Direkte Projektförderung;Technische Ausstattung (IT) DBU und LdU;19.09.2012;31.12.2012;10290 ;10290 ;Ungarn;
2512AHH017;MII6;BVA;IIA5;Direkte Projektförderung;Ausstattung von 3 Gemeinschaftshäusern;21.09.2012;31.12.2012;17092 ;17092 ;Ungarn;
2512AHH018;MII6;BVA;IIA5;Direkte Projektförderung;PC-Ausstattung Lenau-Haus in Pecs;31.10.2012;31.12.2012;3137 ;3137 ;Ungarn;
2512AHH019;MII6;BVA;IIA5;Direkte Projektförderung;"2 Fahrzeuge ""EaR""";13.11.2012;31.12.2012;36807 ;36807 ;Ungarn;
2512AHH200;MII6;BVA;IIA5;Direkte Projektförderung;Hilfen Deutsche Minderheit Tschechien an LV;01.01.2012;31.12.2012;322500 ;322500 ;Tschechien;
2512AHH238;MII6;BVA;IIA5;Direkte Projektförderung;Wirtschaftshilfen BOHEMIA Troppau;01.01.2012;31.12.2012;65920 ;65920 ;Tschechien;
2512AHH239;MII6;BVA;IIA5;Direkte Projektförderung;Einzelfallhilfen für die DMI in CZE (50€-Hilfen) im HHJ 2012 - Ackermann-Gemeinde;01.06.2012;31.12.2012;42000 ;42000 ;Tschechien;
2512AHH240;MII6;BVA;IIA5;Direkte Projektförderung;Einzelfallhilfen für die DMI in CZE (50€-Hilfen) im HHJ 2012 - Seliger-Gemeinde;01.05.2012;31.12.2012;7000 ;7000 ;Tschechien;
2512AHH241;MII6;BVA;IIA5;Direkte Projektförderung;Teilnahme am 63. Sudetendeutschen Tag;01.04.2012;30.06.2012;5000 ;5000 ;Tschechien;
2512AHH242;MII6;BVA;IIA5;Direkte Projektförderung;Seminar zur Weiterentwicklung der Jugendarbeit JUKON 2012;01.10.2012;31.12.2012;5935 ;5935 ;Tschechien;
2512AHH400;MII6;BVA;IIA5;Direkte Projektförderung;Hilfen Deutsche Minderheit Slowakei an KDV;01.01.2012;31.12.2012;140500 ;140500 ;Slowakei;
2512AHH419;MII6;BVA;IIA5;Direkte Projektförderung;Wirtschaftshilfen KDA;01.01.2012;31.12.2012;130000 ;130000 ;Slowakei;
2512AHH500;MII6;BVA;IIA5;Direkte Projektförderung;"Hilfsmaßnahmen für die DMI in der Tschechischen Republik Haushaltsjahr 2012 Erwerb einer Büroimmobilie; siehe 2512AHH600";29.08.2012;31.12.2012;0 ;0 ;Tschechien;
2512AHH600;MII6;BVA;IIA5;Direkte Projektförderung;"Hilfen für die deutsche Minderheit in der Tschechischen Republik 2012; Erwerb und Renovierung einer Immobilie für Zwecke der Deutschen Landesversammlung";26.11.2012;31.12.2012;292520 ;292520 ;Tschechien;
2512AHH601;MII6;BVA;IIA5;Direkte Projektförderung;Evaluierungsreise BW-I;10.04.2012;10.05.2012;500 ;500 ;Litauen;
2512AHH602;MII6;BVA;IIA5;Direkte Projektförderung;Chorfest Klaipeda;01.03.2012;31.05.2012;20022 ;20022 ;Litauen;
2512AHH603;MII7;BVA;IIA5;Direkte Projektförderung;Hilfen des BMI für die deutschen Minderheiten in den baltischen Staaten verschiedene Projekte der einzelnen Vereine der DMI im HHJ 2012;10.03.2012;31.12.2012;25992 ;25992 ;Litauen, Lettland, Estland;
2512AHH900;MII6;BVA;IIA5;Direkte Projektförderung;Humanitäre Hilfe für Donauschwaben;30.07.2012;31.12.2012;114626 ;114562 ;Serbien;
2512AHK505;MII7;BVA;IIA5;Direkte Projektförderung;"Förderung der deutschen Minderheit in Kasachstan u. Zentralasien in den Arbeitsfeldern Begegnungsstätten; Jugend; deutsche Sprache; Selbstorganisation; Eliten; soziale Hilfen; Partnerschaften";01.07.2012;31.12.2014;1120086 ;1120086 ;Kasachstan;
2512AHH901;MII6;BVA;IIA5;Direkte Projektförderung;BS Sombor: Beschaffung technischer Geräte;15.08.2012;31.12.2012;15983 ;14669 ;Serbien;
2512AHH902;MII6;BVA;IIA5;Direkte Projektförderung;Kroatien: Samstagskurse für Kinder im Grundschulalter;22.09.2012;25.05.2013;1077 ;1077 ;Kroatien;
2512AHH905;MII6;BVA;IIA5;Direkte Projektförderung;BS Sombor: Seminar Zuwendungsrecht;29.08.2012;31.12.2012;2305 ;2305 ;Serbien;
2512AHH909;MII6;BVA;IIA5;Direkte Projektförderung;Informationsbesuch des Beauftragten;01.01.2012;31.12.2012;895 ;895 ;Kroatien;
2512AHK101;MII7;BVA;IIA5;Direkte Projektförderung;Medizinische Hilfen;01.01.2012;31.12.2012;245000 ;245000 ;Kasachstan;
2512AHK102;MII7;BVA;IIA5;Direkte Projektförderung;Medizinische Hilfen;01.01.2012;31.12.2012;100000 ;100000 ;Kirgisistan;
2512AHK120;MII7;BVA;IIA5;Direkte Projektförderung;Individuelle Gesundheitshilfen im HHJ 2012;01.01.2012;31.12.2012;210501 ;210501 ;GUS;
2512AHK121;MII7;BVA;IIA5;Direkte Projektförderung;"Gemeinschaftsfördernde Hilfsmaßnahmen zugunsten der deutschen Minderheit in Aserbaidschan; Georgien und Turkmenistan";01.01.2012;31.12.2012;10264 ;10264 ;Georgien;
2512AHK122;MII7;BVA;IIA5;Direkte Projektförderung;"Mittagessen in der Diakoniestation Tiflis; Lebensmittelversorgung Abchasien(Trockene Tüten) sowie Paketnothilfe für die Angehörigen der deutschen Minderheit in Georgien";01.01.2012;31.12.2012;17000 ;17000 ;Georgien;
2512AHK503;MII7;BVA;IIA5;Direkte Projektförderung;"Förderung der deutschen Minderheit in Usbekistan in den Arbeitsfeldern Begegnungsstätten; Jugend; deutsche Sprache; Selbstorganisation; Eliten; soziale Hilfen; Partnerschaften";01.07.2012;31.12.2014;186949 ;186949 ;Usbekistan;
2512AHK504;MII7;BVA;IIA5;Direkte Projektförderung;"Förderung der deutschen Minderheit in Kirgisistan in den Arbeitsfeldern Begegnungsstätten; Jugend; deutsche Sprache; Selbstorganisation; Eliten; soziale Hilfen; Partnerschaften";01.07.2012;31.12.2014;258654 ;258654 ;Kirgisistan;
2512AHK505;MII7;BVA;IIA5;Direkte Projektförderung;"Förderung der deutschen Minderheit in Zentralasien in den Arbeitsfeldern Begegnungsstätten; Jugend; deutsche Sprache; Selbstorganisation; Eliten; soziale Hilfen; Partnerschaften";01.07.2012;31.12.2014;1120086 ;1120086 ;Kasachstan;
2512AHP001;MII6;BVA;IIA5;Direkte Projektförderung;"Hilfen für die deutsche Minderheit in Polen 2012: Gemeinschaftsfördernde Maßnahmen hier: Projekt ""Archiv der erzählten Geschichte""";09.03.2012;31.12.2012;28035 ;28035 ;Polen;
2512AHP002;MII6;BVA;IIA5;Direkte Projektförderung;Hilfen für die deutsche Minderheit in Polen 2012: Samstagskurse für Kinder;05.03.2012;31.12.2012;55046 ;54383 ;Polen;
2512AHP003;MII6;BVA;IIA5;Direkte Projektförderung;"Hilfen für die deutsche Minderheit in Polen 2012; 17.Schlesienseminar in Groß Stein vom 03. -07.10.2012 zum Thema ""Bildung; Ausbildung; Lernen - Chancen für Dich; für mich; für Schlesien""";08.08.2012;31.12.2012;32464 ;32464 ;Polen;
2512AHP004;MII6;BVA;IIA5;Direkte Projektförderung;"Hilfen für die deutsche Minderheit in Polen 2012;  Gemeinschaftsfördernde Maßnahmen: KInderfreizeiten /Ferienlager unter Einbeziehung von identitäts- und sprachfördernden Elementen und Exkursion des DFK Schlesien";08.06.2012;31.12.2012;154736 ;149802 ;Polen;
2512AHP005;MII6;BVA;IIA5;Direkte Projektförderung;Hilfen für die deutsche Minderheit in Polen 2012: Konsolidierung der Begegnungsstätten;21.02.2012;31.12.2012;297172 ;295726 ;Polen;
2512AHP006;MII6;BVA;IIA5;Direkte Projektförderung;Hilfen für die deutsche Minderheit in Polen 2012: Werbemaßnahmen für eine angewandte Zweisprachigkeit;23.03.2012;31.12.2012;59374 ;58598 ;Polen;
2512AHP007;MII6;BVA;IIA5;Direkte Projektförderung;"Hilfen für die deutsche Minderheit in Polen 2012 ; Gemeinschaftliche Aktivitäten: Gemeinschaftsfördernde eintägige Exkursionen für Kinder und Senioren";06.07.2012;31.12.2012;21402 ;21140 ;Polen;
2512AHP008;MII6;BVA;IIA5;Direkte Projektförderung;"Hilfen für die deutsche Minderheit in Polen 2012; Gemeinschaftsfördernde Jugendprojekte 2012";09.05.2012;31.12.2012;6785 ;6785 ;Polen;
2512AHP009;MII6;BVA;IIA5;Direkte Projektförderung;"Hilfen für die deutsche Minderheit in Polen 2012; Gemeinschaftsfördernde Jugendprojekte ; Wanderlager für Jugendliche";16.07.2012;31.12.2012;7793 ;7793 ;Polen;
2512AHP010;MII6;BVA;IIA5;Direkte Projektförderung;Hilfen für die deutsche Minderheit in Polen 2012: Schulungen zur Stärkung der Strukturen der deutschen Minderheit;09.05.2012;31.12.2012;14455 ;14455 ;Polen;
2512AHP011;MII6;BVA;IIA5;Direkte Projektförderung;"Hilfen für die deutsche Minderheit in Polen 2012; Gemeinschaftsfördernde Jugendprojekte ; Reaktivierung! Integrationsspiel Teil 2; Jugendkonferenz 2012";08.08.2012;31.12.2012;6231 ;6231 ;Polen;
2512AHP012;MII6;BVA;IIA5;Direkte Projektförderung;"Hilfen für die deutsche Minderheit in Polen 2012: Verbandsarbeit; Internetportal für die deutsche Minderheit in Polen";19.03.2012;31.12.2012;9354 ;9031 ;Polen;
2512AHP013;MII6;BVA;IIA5;Direkte Projektförderung;"Hilfen für die deutsche Minderheit in Polen 2012; Gemeinschaftsfördernde Maßnahmen: Integrationstreffen 2012";08.08.2012;31.12.2012;19549 ;19549 ;Polen;
2512AHP014;MII6;BVA;IIA5;Direkte Projektförderung;"Hilfen für die deutsche Minderheit in Polen 2012; Sprachbindungsmaßnahmen; Ausstrahlung der zweisprachigen Sendung ""Schlesien Journal"" im Satellitenfernsehen ""Silesia""";20.03.2012;31.12.2012;5654 ;5654 ;Polen;
2512AHP015;MII6;BVA;IIA5;Direkte Projektförderung;"Hilfen für die deutsche Minderheit in Polen 2012; Organisationsuntersuchung und betriebswirtschaftliche Prüfung des HdpZ (Haus der deutsch-polnischen Zusammenarbeit)";01.09.2012;31.12.2012;17664 ;16948 ;Polen;
2512AHP016;MII6;BVA;IIA5;Direkte Projektförderung;"Hilfen für die deutsche Minderheit in Polen 2012; Gemeinschaftsfördernde Exkursionen und Sommertreffen";24.07.2012;31.12.2012;4024 ;4024 ;Polen;
2512AHP017;MII6;BVA;IIA5;Direkte Projektförderung;"Hilfen für die deutsche Minderheit in Polen 2012; Gemeinschaftsfördernde Maßnahmen: Stadtrallye und Integrationsfeste";25.09.2012;31.12.2012;445 ;445 ;Polen;
2512AHP018;MII6;BVA;IIA5;Direkte Projektförderung;"Hilfen für die deutsche Minderheit in Polen 2012; Gemeinschaftsfördernde Maßnahmen: Exkursionen 2012";02.10.2012;31.12.2012;3393 ;3131 ;Polen;
2512AHP019;MII6;BVA;IIA5;Direkte Projektförderung;"Hilfen für die deutsche Minderheit in Polen 2012; Gemeinschaftsfördernde Jugendprojekte: Multiplikatorenschulung des BJDM  und Hallenfußballturnier";06.11.2012;31.12.2012;4188 ;4184 ;Polen;
2512AHP020;MII6;BVA;IIA5;Direkte Projektförderung;"Hilfen für die deutsche Minderheit in Polen 2012; Gemeinschaftsfördernde Maßnahmen: Advents- und Weihnachtstreffen";08.11.2012;31.12.2012;79889 ;77794 ;Polen;
2512AHP021;MII6;BVA;IIA5;Direkte Projektförderung;"Wirtschaftliche Hilfen 2012; Förderung kleiner und mittlerer Betriebe aus Handwerk;Gewerbe und Landwirtschaft über die Stiftung für die Entwicklung Schlesiens und Förderung lokaler Initiativen (SES)";06.12.2012;31.12.2012;54000 ;54000 ;Polen;
2512AHR001;MII6;BVA;IIA5;Direkte Projektförderung;Jahresplanungskonferenz ;01.01.2012;31.12.2012;1840 ;1840 ;Rumänien;
2512AHR002;MII6;BVA;IIA5;Direkte Projektförderung;"Wirtschaftliche Hilfen 2012; Förderung kleiner und mittlerer Betriebe aus Handwerk;Gewerbe und Landwirtschaft ; Gutachterreise";22.04.4780;31.12.2012;10989 ;10487 ;Rumänien;
2512AHR003;MII6;BVA;IIA5;Direkte Projektförderung;Materielle Einzelfallhilfen ( Bargeldhilfen) für bedürftige Deutsche in Siebenbürgen;13.03.2012;31.12.2012;18100 ;18100 ;Rumänien;
2512AHR004;MII6;BVA;IIA5;Direkte Projektförderung;Materielle Einzelfallhilfen  Sathmar;01.01.2012;31.12.2012;16000 ;16000 ;Rumänien;
2512AHR005;MII6;BVA;IIA5;Direkte Projektförderung;"Folgekostenbewilligung für die anteiligen Betriebs-; Sach- und Personalkosten des Alten- und Pflegeheimes Dr. Carl Wolff in Sibiu (Hermannstadt) Rumänien für die Zeit vom 01.05.2012 bis 30.04.2013";01.05.2012;30.04.2013;499294 ;499294 ;Rumänien;
2512AHR006;MII6;BVA;IIA5;Direkte Projektförderung;"Folgekosten für die Kultur-; Alten- und Sozialeinrichtungen im Banat für den Zeitraum vom 01.05.2012 bis 30.04.2013";01.05.2012;30.04.2013;606369 ;606369 ;Rumänien;
2512AHR007;MII6;BVA;IIA5;Direkte Projektförderung;Gewährung von materiellen Einzelfallhilfen an besonders bedürftige Angehörige der deutschen MInderheit in der Region Banat (Rumänien);14.05.2012;31.12.2012;17100 ;17100 ;Rumänien;
2512AHR008;MII6;BVA;IIA5;Direkte Projektförderung;Gewährung von materiellen Einzelfallhilfen an ehemals nach Russland deportierte bedürftige Angehörige der deutschen Minderheit in Rumänien;14.05.2012;31.12.2012;18500 ;18500 ;Rumänien;
2512AHR009;MII6;BVA;IIA5;Direkte Projektförderung;"Förderung kleiner und mittlerer Betriebe in Handwerk; Gewerbe und Landwirtschaft von Angehörigen der deutschen Minderheit in Rumänien";30.05.2012;31.12.2012;464897 ;464803 ;Rumänien;
2512AHR010;MII6;BVA;IIA5;Direkte Projektförderung;Durchführung einer Fortbildungsveranstaltung für die Geschäftsführer/Mitarbeiter der Wirtschaftsstiftungen in Rumänien zur Fortführung der wirtschaftlichen Hilfen;01.07.2012;31.12.2012;5000 ;4225 ;Rumänien;
2512AHR011;MII6;BVA;IIA5;Direkte Projektförderung;Fördermaßnahmen für Kinder und Jugendliche in den Siedlungsgebieten der deutschen Minderheit in Rumänien im Jahr 2012;31.05.2012;31.12.2012;29802 ;29802 ;Rumänien;
2512AHR012;MII6;BVA;IIA5;Direkte Projektförderung;"Materielle Einzelfallhilfen an bedürftige Deutsche im Altreich; Buchenland und Bukarest (Rumänien) über die Deutsche Botschaft in Bukarest";21.05.2012;31.12.2012;28400 ;28400 ;Rumänien;
2512AHR013;MII6;BVA;IIA5;Direkte Projektförderung;Gewährung einer Sonderzuwendung im Rahmen der materiellen Einzelfallhilfen an ehemals nach Russland deportierte bedürftige Angehörige der deutschen Minderheit in Rumänien;25.09.2012;31.12.2012;32200 ;32200 ;Rumänien;
2512AHR015;MII6;BVA;IIA5;Direkte Projektförderung;" Hilfen für die deutsche Minderheit in Rumänien im Jahr 2012; Gemeinschaftsfördernde Maßnahmen -Kindersprachferienlager-";10.07.2012;31.12.2012;5411 ;5411 ;Rumänien;
2512AHR016;MII6;BVA;IIA5;Direkte Projektförderung;" Hilfen für die deutsche Minderheit in Rumänien im Jahr 2012; Sprachbindungsmaßnahmen -Workshop für Jugendliche (Leben im Mittelalter)-";27.11.2012;31.12.2012;2287 ;2287 ;Rumänien;
2512AHR020;MII6;BVA;IIA5;Direkte Projektförderung;Hinzuziehung eines Sachverständigen für Spracherwerb und Sprachförderung;01.01.2012;31.12.2012;3380 ;3380 ;Rumänien;
2512AHU500;MII7;BVA;IIA5;Direkte Projektförderung;Maßnahmen zur Konzeption des Internetauftritts (ifa-workshop);01.04.2012;31.12.2012;14082 ;14082 ;Ukraine;
2512AHU501;MII7;BVA;IIA5;Direkte Projektförderung;"Förderung der deutschen Minderheit in der Ukraine in den Arbeitsfeldern Begegnungsstätten; Jugend; deutsche Sprache; Selbstorganisation; Eliten; soziale Hilfen; Partnerschaften";01.07.2012;31.12.2014;188707 ;188707 ;Ukraine;
2512AHU512;MII7;BVA;IIA5;Direkte Projektförderung;Fördermaßnahmen in der Republik Moldau im HHJ 2012: Begegnungszentren und Jugendarbeit;01.01.2012;31.12.2012;32223 ;32223 ;Moldau;
2512ARKM26;MII6;BVA;IIA5;Direkte Projektförderung;Jahresplanungsgespräch ;01.01.2012;31.12.2012;269 ;269 ;Slowakei;
2512ARKM26;MII6;BVA;IIA5;Direkte Projektförderung;Jahresplanungsgespräch;01.01.2012;31.12.2012;1126 ;1126 ;Tschechien;
2512ARKM26;MII6;BVA;IIA5;Direkte Projektförderung;Jahresplanungsgespräch;01.01.2012;31.12.2012;680 ;680 ;Ungarn;
2512ARKM26;MII6;BVA;IIA5;Direkte Projektförderung;Jahresplanungsgespräch;01.01.2012;31.12.2012;2521 ;2521 ;Polen;
2512ARKM26;MII6;BVA;IIA5;Direkte Projektförderung;Informationsbesuch des Beauftragten in Serbien und Ungarn;01.01.2012;31.12.2012;418 ;418 ;Serbien/Ungarn;
2512ARKM26;MII6;BVA;IIA5;Direkte Projektförderung;Informationsbesuch des Beauftragten;01.01.2012;31.12.2012;75 ;75 ;Rumänien;
2512ARKM26;MII6;BVA;IIA5;Direkte Projektförderung;Informationsbesuch des Beauftragten;01.01.2012;31.12.2012;564 ;564 ;Slowakei;
2512ARKM27;MII7;BVA;IIA5;Direkte Projektförderung;"Regierungskommissionen u. ä.; hier: Deutsch-Russische Arbeitsgruppe";01.01.2012;31.12.2012;245 ;245 ;Russland;
2512ARKM27;MII7;BVA;IIA5;Direkte Projektförderung;"Regierungskommissionen u. ä.; hier: Reise BA Bergner nach Usbekistan";01.01.2012;31.12.2012;2650 ;2650 ;Usbekistan;
2512ARKM27;MII7;BVA;IIA5;Direkte Projektförderung;"Regierungskommissionen u. ä.; hier: 18. Deutsch-Russische Regierungskommission";01.01.2012;31.12.2012;10949 ;10949 ;Russland;
2512ARKM27;MII7;BVA;IIA5;Direkte Projektförderung;"Regierungskommissionen u. ä.; hier: 19. Deutsch-Russische Regierungskommission";01.01.2012;31.12.2012;8178 ;8178 ;Russland;
2512ARKM27;MII7;BVA;IIA5;Direkte Projektförderung;"Regierungskommissionen u. ä.; hier: Notarkosten Silute";01.01.2012;31.12.2012;304 ;304 ;Litauen;
2512ARKM27;MII7;BVA;IIA5;Direkte Projektförderung;"Regierungskommissionen u. ä.; hier: 8. Deutsch-Kirgisische Regierungskommission";01.01.2012;31.12.2012;7517 ;7517 ;Kirgisistan;
2512ARKM27;MII7;BVA;IIA5;Direkte Projektförderung;"Regierungskommissionen u. ä.; hier: 10. Deutsch-Kasachische Regierungskommission";01.01.2012;31.12.2012;5206 ;5206 ;Kasachstan;
2512ARKM27;MII7;BVA;IIA5;Direkte Projektförderung;"Regierungskommissionen u. ä.; hier: Vorbereitung 20. Deutsch-Russische Regierungskommission";01.01.2012;31.12.2012;542 ;542 ;Russland;
2512BDV01;MII6;BVA;IIA5;Direkte Projektförderung;Institutionelle Förderung des BdV im Haushaltsjahr 2012;01.01.2012;31.12.2012;889975 ;859537 ;Deutschland;
2512FM01;MII6;BVA;IIA5;Direkte Projektförderung;"Seminar: ""Offene Türen - Polen; Tschechen und Deutsche"" vom 15. - 20.01.2012";;;14112 ;14112 ;Deutschland;
2512FM010;MII6;BVA;IIA5;Direkte Projektförderung;"Seminar: ""Schlesische Begegnungen"" vom 04.03. - 11.03.2012";;;19753 ;17207 ;Deutschland;
2512FM011;MII6;BVA;IIA5;Direkte Projektförderung;"Seminar: ""Kommunalpolitische Themen der Vertriebenen"" vom 24.02. - 26.02.2012";;;5013 ;4675 ;Polen;
2512FM012;MII6;BVA;IIA5;Direkte Projektförderung;XXI. Brünner Symposium;;;15500 ;12726 ;Tschechien;
2512FM013;MII6;BVA;IIA5;Direkte Projektförderung;"Seminar: ""Deutsche und Polen - Wege der gemeinsamen Nachbarschaft in Europa"" vom 11. - 16.03.2012";;;18037 ;17990 ;Deutschland;
2512FM014;MII6;BVA;IIA5;Direkte Projektförderung;"Seminar: ""Verständigung durch Verbindungen"" vom 1.03. - 16.03.2012";;;10220 ;10220 ;Deutschland;
2512FM015;MII6;BVA;IIA5;Direkte Projektförderung;Verständigungsfahrt nach Bielit/Biala vom 11. - 17.04.2012;;;19907 ;16913 ;Polen;
2512FM016;MII6;BVA;IIA5;Direkte Projektförderung;"Seminar: ""Grenze und Grenzüberschreitung"" vom 11.03. - 15.03.2012";;;7509 ;6163 ;Deutschland;
2512FM017;MII6;BVA;IIA5;Direkte Projektförderung;"Seminar: ""Sudetendeutsche Identitäten. Erinnerungskultur oder Konfliktquelle"" vom 18.03. - 23.03.2012";;;9960 ;8780 ;Deutschland;
2512FM018;MII6;BVA;IIA5;Direkte Projektförderung;Politische Weiterbildungswoche vom 04.04. - 09.04.2012 im Deutsch-Tschechischen Begegnungs- und Kulturzentrum Sankt Adalbert im Kloster Rohr;;;16900 ;13020 ;Deutschland;
2512FM019;MII6;BVA;IIA5;Direkte Projektförderung;"Seminar: ""Begegnung und Verständigung"" vom 17.04. - 20.04.2012";;;3330 ;3330 ;Deutschland;
2512FM02;MII6;BVA;IIA5;Direkte Projektförderung;"Seminar: ""Schlesische Begegnungen"" vom 15. - 22.01.2012";;;16154 ;12554 ;Deutschland;
2512FM020;MII6;BVA;IIA5;Direkte Projektförderung;Deutsch-polnische kommunale Partnerschaften in der Praxis (Mehrzweckhallen statt Präsidialpalais) vom 20. - 22.04.2012;;;19123 ;14272 ;Deutschland;
2512FM021;MII6;BVA;IIA5;Direkte Projektförderung;"Deutsch-tschechisches Seminar: ""Nachbar Tschechien - Zukunft mit Tschechien"" vom 13. - 15.04.2012";;;4863 ;4086 ;Deutschland;
2512FM022;MII6;BVA;IIA5;Direkte Projektförderung;"Zentrale Informations- und Begegnungstagung ""Macht und Religion: Christliches Leben in der Geschichte der böhmischen Länder"" vom 20.04. - 22.04.2012";;;5700 ;5655 ;Deutschland;
2512FM023;MII6;BVA;IIA5;Direkte Projektförderung;"Seminar: ""Kriegskinder - Kriegsenkel und kein Ende Folgen von Krieg; Vertreibung; Flucht; Wirkung und Aktualität"" vom 02. - 04.03.2012";;;15958 ;11861 ;Deutschland;
2512FM024;MII6;BVA;IIA5;Direkte Projektförderung;Organisations- und Vorbereitungsreise vom 06. - 13.05.2012;;;2237 ;1924 ;Polen;
2512FM025;MII6;BVA;IIA5;Direkte Projektförderung;"Seminar: ""Erinnerungen bleiben"" vom 20. - 22.04.12";;;15098 ;10918 ;Deutschland;
2512FM026;MII6;BVA;IIA5;Direkte Projektförderung;"Seminar: ""Das Baltikum und die Deutschen - gemeinsam in Europa"" am 02.05.2012";;;970 ;568 ;Deutschland;
2512FM027;MII6;BVA;IIA5;Direkte Projektförderung;"Seminar: ""Deutsch-polnisches Miteinander in Form von Patenschaften und Partnerschaften als Zeichen beispielhafter Solidarität innerhalb einer europäischen Kulturlandschaft"" vom 15.05 - 19.05.2012";;;13345 ;12637 ;Deutschland;
2512FM028;MII6;BVA;IIA5;Direkte Projektförderung;"Seminar: ""Deutsche und Polen - Im Europa der Bürger"" vom 15. - 20.04.2012";;;18257 ;17587 ;Deutschland;
2512FM029;MII6;BVA;IIA5;Direkte Projektförderung;"Deutsch-Tschechisches Bundestreffen der Ackermann-Gemeinde ""Europa - unsere Verantwortung"" vom 02. 05.08.2012";;;16657 ;16657 ;Deutschland;
2512FM03;MII6;BVA;IIA5;Direkte Projektförderung;"Seminar: ""Schlesische Begegnungen"" vom 22. - 27.01.2012";;;20538 ;20538 ;Deutschland;
2512FM030;MII6;BVA;IIA5;Direkte Projektförderung;"Seminar: ""Deutsche Heimatvertriebene in Polen"" vom 11.05. - 13.05.2012";;;5916 ;5916 ;Polen;
2512FM031;MII6;BVA;IIA5;Direkte Projektförderung;Marienbader Gespräche;;;32780 ;16090 ;Tschechien;
2512FM04;MII6;BVA;IIA5;Direkte Projektförderung;"Seminar: ""Mitteleuropäische Begegnungen"" vom 05.02. - 12.02.2012";;;10986 ;5793 ;Deutschland;
2512FM05;MII6;BVA;IIA5;Direkte Projektförderung;"Seminar: ""Mitteleuropäische Begegnungen"" vom 10.02. - 20.02.2012";;;8905 ;8176 ;Deutschland;
2512FM06;MII6;BVA;IIA5;Direkte Projektförderung;"Seminar: ""Schlesische Begegnungen"" vom 19. - 26.02.2012";;;19753 ;16931 ;Deutschland;
2512FM07;MII6;BVA;IIA5;Direkte Projektförderung;"Seminar: ""Schlesische Begegnungen"" vom 26.02. - 04.03.2012";;;19753 ;14685 ;Deutschland;
2512FM08;MII6;BVA;IIA5;Direkte Projektförderung;"Diskussionsrunde ""Hindenburg/Oberschlesien"" am 05.03.2012";;;954 ;861 ;Polen;
2512FM09;MII6;BVA;IIA5;Direkte Projektförderung;"Seminar: ""Europa gestalten"" vom 10. - 12.02.2012";;;15958 ;13157 ;Deutschland;
2512FM32;MII6;BVA;IIA5;Direkte Projektförderung;Das gibt es doch gar nicht - Auf der Suche nach der westpreußischen Identität;;;13897 ;10191 ;Deutschland;
2512FM33;MII6;BVA;IIA5;Direkte Projektförderung;Vorbereitungsfahrt nach Nieder- und Oberschlesien vom 15. - 19.07.2012;;;969 ;969 ;Polen;
2512FM34;MII6;BVA;IIA5;Direkte Projektförderung;"Seminar: ""Deutsche und Polen - Nachbarn in Europa"" vom 25. - 28.05.2012";;;8656 ;8656 ;Deutschland;
2512FM35;MII6;BVA;IIA5;Direkte Projektförderung;Studienreise des BdV Kreisverbandes Altkreis Kyritz vom 05. - 07.07.2012 nach Schwerin;;;6609 ;6609 ;Polen;
2512FM36;MII6;BVA;IIA5;Direkte Projektförderung;Seminar: Vilnius - Riga - Tallin. Drei Metropolen in Geschichte und Gegenwart vom 08. - 10.06.2012;;;16039 ;16039 ;Deutschland;
2512FM37;MII6;BVA;IIA5;Direkte Projektförderung;"Seminar: ""Getrennte Erinnerungen - gemeinsame Gegenwart 10. - 15.06.2012";;;14328 ;12134 ;Deutschland;
2512FM38;MII6;BVA;IIA5;Direkte Projektförderung;21. Sommerkurs vom 01. - 14.07.2012;;;50659 ;49372 ;Deutschland;
2512FM39;MII6;BVA;IIA5;Direkte Projektförderung;"Seminar ""Mitteleuropäische Begegnungen"" vom 28.05. - 03.06.2012";;;12062 ;12062 ;Deutschland;
2512FM40;MII6;BVA;IIA5;Direkte Projektförderung;"Seminar: ""Belastete Gegenwart? - Das Miteinander von Deutschen und Polen im 20. und 21 Jahrhundert";;;4421 ;2589 ;Deutschland;
2512FM41;MII6;BVA;IIA5;Direkte Projektförderung;"Seminar: ""Kraft aus den Wurzeln - Getrennte Wege führen zueinander"" vom 26. - 29.07.2012";;;2000 ;2000 ;Tschechien;
2512FM42;MII6;BVA;IIA5;Direkte Projektförderung;"Tagesfahrt in die polnische Region nach Meseritz; Drossen und Kunersdorf ";;;723 ;723 ;Polen;
2512FM43;MII6;BVA;IIA5;Direkte Projektförderung;Projektbegleitungskosten im Zusammenhang mit der Unterstützung des Direktoriums Romas - Patras Saulys;;;4315 ;4315 ;Litauen;
2512FM44;MII6;BVA;IIA5;Direkte Projektförderung;"Ausstellung ""Heimat in der Fremde. Vertriebene im Südwesten - kirchliche Integration - gesellschaftliche Auswirkungen"" ";11.05.2012;31.07.2012;4999 ;4999 ;Deutschland;
2512FM45;MII6;BVA;IIA5;Direkte Projektförderung;"Seminar: ""Kommunalpolitische Themen der Vertriebenen"" vom 31.08. - 02.09.2012";;;ausgefallen;ausgefallen;Deutschland;
2512FM46;MII6;BVA;IIA5;Direkte Projektförderung;"Seminar: ""Begegnung und Verständigung"" vom 18. - 21.09.2012";;;3275 ;3275 ;Deutschland;
2512FM47;MII6;BVA;IIA5;Direkte Projektförderung;Seminar: Deutsch-polnische Geschichte am Unterlauf der Weichsel vom 19.- 21.10.2012;;;10078 ;9597 ;Deutschland;
2512FM48;MII6;BVA;IIA5;Direkte Projektförderung;Seminar: Deutsche Heimatvertriebene in Polen vom 07. - 09.09 2012 ;;;4940 ;4749 ;Polen;
2512FM49;MII6;BVA;IIA5;Direkte Projektförderung;"Teilnahme am ""Kulturfestival der deutschen Minderheit"" in Polen am 29.09.2012 in Breslau";;;ausgefallen;ausgefallen;Polen;
2512FM50;MII6;BVA;IIA5;Direkte Projektförderung;Bundesversammlung der Seliger-Gemeinde;;;18000 ;17709 ;Deutschland;
2512FM51;MII6;BVA;IIA5;Direkte Projektförderung;"Verständigungspolitische Tagung ""Vergangenheit und Gegenwart in Pommern""";;;9481 ;4972 ;Polen;
2512FM52;MII6;BVA;IIA5;Direkte Projektförderung;Deutsch-Polnischer Kommunalpolitischer Kongress vom 12. - 14.10.2012;;;18550 ;5993 ;Deutschland;
2512FM53;MII6;BVA;IIA5;Direkte Projektförderung;"Fachtagung ""Nationales Wahlrecht und internationale Freizügigkeit"" vom 12. - 13.10.2012";;;11103 ;6894 ;Deutschland;
2512FM54;MII6;BVA;IIA5;Direkte Projektförderung;"Seminar: ""Zusammenleben in Europa"" vom 19. - 24.08.2012";;;28840 ;28840 ;Deutschland;
2512FM55;MII6;BVA;IIA5;Direkte Projektförderung;66. Jahrestagung (Gementreffen);;;20167 ;19411 ;Deutschland;
2512FM56;MII6;BVA;IIA5;Direkte Projektförderung;"Seminar: ""Westpreußen - Land der Begegnung"" vom 28. - 30.09.2012";;;15256 ;15256 ;Deutschland;
2512FM57;MII6;BVA;IIA5;Direkte Projektförderung;Baltischer Jugend - und Studentenkongress 2012 vom 27. - 30.09.2012;;;14115 ;9936 ;Deutschland;
2512FM58;MII6;BVA;IIA5;Direkte Projektförderung;Integration nach 1945 der Deutschen im an Polen gefallenen Danzig;;;7510 ;5672 ;Deutschland;
2512FM59;MII6;BVA;IIA5;Direkte Projektförderung;"Begegnungstagung: ""Das Erlebte vermitteln - Zeitzeugen sind gefragter denn je"" vom 07. - 09.09.2012";;;7426 ;6650 ;Deutschland;
2512FM60;MII6;BVA;IIA5;Direkte Projektförderung;"Seminar: ""Deutsch-polnische Erinnerungsorte"" vom 12. - 14.10.2012";;;17761 ;15814 ;Deutschland;
2512FM61;MII6;BVA;IIA5;Direkte Projektförderung;"Seminar: ""Erinnerungs- und Begegnungsbrücken""";;;8640 ;8101 ;Deutschland;
2512FM62;MII6;BVA;IIA5;Direkte Projektförderung;Verständigungsfahrt des Hilfswerks Waldenburger Bergland e.V. nach Schlesien vom 06. - 11.09.2012;;;14006 ;13983 ;Polen;
2512FM63;MII6;BVA;IIA5;Direkte Projektförderung;"Seminar: ""Zwischen Nimmersatt und Narva. Landschaften und Menschen an der Ostsee"" vom 26.11. - 28.11.2012 in Sankelmark";;;15993 ;14974 ;Deutschland;
2512FM64;MII6;BVA;IIA5;Direkte Projektförderung;Verständigungspolitische Maßnahme;;;14700 ;13235 ;Deutschland;
2512FM65;MII6;BVA;IIA5;Direkte Projektförderung;"Seminar ""Deutsch-Ungarische-kroatische Begegnungen als Grundlage für die Stärkung der europäischen Verständigungskultur"" aus der Reihe ""Begegnung und Verständigung"" in Ungarn und Kroatien in der Zeit vom 22.10 bis 28.10.2012";;;20385 ;16974 ;Ungarn Kroatien;
2512FM66;MII6;BVA;IIA5;Direkte Projektförderung;Verständigung auf guten Wegen - Zusammenarbeit von Deutschen und Tschechen im wachsenden Europa;;;0 ;abgesagt;Deutschland;
2512FM67;MII6;BVA;IIA5;Direkte Projektförderung;Druckkostenzuschuss für eine Veröffentlichung über das erste Präsidium des BdV;;;13360 ;13360 ;Deutschland;
2512FM71;MII6;BVA;IIA5;Direkte Projektförderung;"Seminar ""Deutsche und Polen - Angekommen in Europa"" vom 14.10. - 19.10.2012 in Königswinter";;;17800 ;13817 ;Deutschland;
2512FM74;MII6;BVA;IIA5;Direkte Projektförderung;"Seminar ""Schlesische Begegnungen"" i. Z. m. der Universität Tschenstochau vom 11.11. - 18.11.2012  in Königswinter";;;0 ;abgesagt;Deutschland;
2512FM75;MII6;BVA;IIA5;Direkte Projektförderung;"Seminar ""Schlesische Begegnungen"" i. Z. m. der Universität Breslau  vom 18.11. - 25.11.2012  in Königswinter";;;12894 ;12894 ;Deutschland;
2512FM76;MII6;BVA;IIA5;Direkte Projektförderung;"Seminar ""Schlesische Begegnungen"" i. Z. m. der Universität Kattowitz vom 09.12.. - 16.12..2012  in Königswinter";;;16008 ;16008 ;Deutschland;
2512FM78;MII6;BVA;IIA5;Direkte Projektförderung;"Seminar ""Schlesische Begegnungen"" i. Z. m. der Philologischen Hochschule Breslau  vom 25.11. - 02.12.2012";;;20538 ;20538 ;Deutschland;
2512FM80;MII6;BVA;IIA5;Direkte Projektförderung;"Seminar ""Schlesische Begegnungen"" i. Z. m. der Philologischen Hochschule  Breslau  vom 25.11. - 02.12.2012  in Königswinter";;;14713 ;14713 ;Deutschland;
2512FM81;MII6;BVA;IIA5;Direkte Projektförderung;"Tagung: ""Wege in die Zukunft"" Teil 3 vom 12.11.2012-13.11.2012 in Wesseling";;;4010 ;2813 ;Deutschland;
2512FM82;MII6;BVA;IIA5;Direkte Projektförderung;"Seminar ""Deutsche Heimatvertriebene in Schlesien"" vom 14.12.2012 - 17.12.2012 in Sankt Annaberg/Oberschlesien";;;6546 ;6518 ;Polen;
2512FM83;MII6;BVA;IIA5;Direkte Projektförderung;"Seminar ""Mitteleuropäische Begegnungen"" vom 18.11.2012 - 23.11.2012";;;16462 ;16435 ;Deutschland;
2512VOD001;MII7;BVA;IIA5;Direkte Projektförderung;Herstellung eines Buches über die Trudarmee;;;36000 ;36000 ;Russland;
2512VOD002;MII7;BVA;IIA5;Vertrag;"Online-Streaming einer DVD-Trilogie ""Versöhnung über Grenzen""";;;4800 ;4800 ;Deutschland;
2512VOD005;MII7;BVA;IIA5;Direkte Projektförderung;Abonnierung der Moskauer Deutschen Zeitung;;;134170 ;134170 ;Russland;
2512VOD006;MII7;BVA;IIA5;Direkte Projektförderung;Abonnierung der Kinderzeitschrift Schrumdirum;;;244423 ;244423 ;Russland;
2512VOD008;MII7;BVA;IIA5;Auftrag;Abonnierung der Zeitschrift und Globus;;;4556 ;4556 ;MOE-Staaten;
2512VOD009;MII7;BVA;IIA5;Direkte Projektförderung;BiZ-Bote;01.01.2012;31.12.2012;64101 ;64101 ;Russland;
2512VOD010;MII7;BVA;IIA5;Direkte Projektförderung;Kalender für Russlanddeutsche 2013;01.04.2012;31.12.2012;49982 ;49982 ;Russland;
2512VOD011;MII7;BVA;IIA5;Direkte Projektförderung;"Sammelband ""Das kulturelle Erbe der Deutschen Zentralasiens""";01.07.2012;31.12.2012;10767 ;10767 ;Kasachstan;
2512VOD012;MII7;BVA;IIA5;Direkte Projektförderung;Rusdeutsch.ru und .eu;01.01.2012;31.12.2012;87284 ;87284 ;Russland;
2512VOD013;MII7;BVA;IIA5;Direkte Projektförderung;Zeitschriftenbeschaffung und -versand;01.01.2012;31.12.2012;23722 ;23722 ;Russland;
2512VOD015;MII7;BVA;IIA5;Direkte Projektförderung;"Publikation der LmDR ""Jahre des Terrors""";01.11.2012;31.12.2012;23983 ;23983 ;Deutschland;
2512VOD017;MII7;BVA;IIA5;Direkte Projektförderung;"""Deutsche Minderheit in Usbekistan""";15.11.2012;31.01.2013;4000 ;4000 ;Usbekistan;
2512VOD080;MII6;BVA;IIA5;Direkte Projektförderung;"Hilfen für die deutsche Minderheit in Polen 2012: Sprachbindungsmaßnahmen;  Herausgabe einer mehrheitlich zweisprachigen Beilage ""HEIMAT""  zur  Regionalzeitung ""NTO""";03.01.2012;31.12.2012;30000 ;30000 ;Polen;
;;;;;;;;;;;
;;;;;;;;;;;
;;;;;;;;;;;
;;;;;;;;;;;
;;;;;;;;;;;
;;;;;;;;;;;
;;;;;;;;;;;
;;;;;;;;;;;
;;;;;;;;;;;
;;;;;;;;;;;
;;;;;;;;;;;
;;;;;;;;;;;
;;;;;;;;;;;
;;;;;;;;;;;
;;;;;;;;;;;
;;;;;;;;;;;
;;;;;;;;;;;
;;;;;;;;;;;
;;;;;;;;;;;
;;;;;;;;;;;
;;;;;;;;;;;
;;;;;;;;;;;
;;;;;;;;;;;
;;;;;;;;;;;
;;;;;;;;;;;
;;;;;;;;;;;
;;;;;;;;;;;
;;;;;;;;;;;
;;;;;;;;;;;
;;;;;;;;;;;
;;;;;;;;;;;
;;;;;;;;;;;
;;;;;;;;;;;
;;;;;;;;;;;
;;;;;;;;;;;
;;;;;;;;;;;
;;;;;;;;;;;
;;;;;;;;;;;
;;;;;;;;;;;
;;;;;;;;;;;
;;;;;;;;;;;
;;;;;;;;;;;
;;;;;;;;;;;
;;;;;;;;;;;
;;;;;;;;;;;
;;;;;;;;;;;
;;;;;;;;;;;
;;;;;;;;;;;
;;;;;;;;;;;
;;;;;;;;;;;
;;;;;;;;;;;
;;;;;;;;;;;
;;;;;;;;;;;
